{
    "rank": 127,
    "seed": 123453,
    "conf": {
        "num_processes": 128,
        "brunel_params": {
            "NE": 90000,
            "NI": 22500,
            "model_params": {
                "E_L": 0.0,
                "C_m": 250.0,
                "tau_m": 10.0,
                "t_ref": 0.5,
                "Theta_rel": 20.0,
                "V_reset_rel": 0.0,
                "tau_syn_ex": 0.3258272240372284,
                "tau_syn_in": 0.3258272240372284,
                "V_m_rel": 0.0
            },
            "randomize_Vm": true,
            "mean_potential": 5.7,
            "sigma_potential": 7.2,
            "delay": 1.5,
            "JE": 0.14,
            "sigma_w": 3.47,
            "g": -5.0,
            "stdp_params": {
                "alpha": 0.0513,
                "lambda": 0.1,
                "mu_plus": 0.4,
                "mu_minus": 0.4,
                "tau_plus": 15.0,
                "tau_minus": 15.0
            },
            "stdp_delay": 1.5,
            "eta": 1.685,
            "filestem": "opt_2_run_3",
            "poisson_rate": 20856.037200898867,
            "recorder_label": "alpha_0.0513_spikes_127"
        },
        "simulation_params": {
            "scale": 10.0,
            "seed": 123453,
            "simtime": 1000.0,
            "presimtime": 50.0,
            "dt": 0.1,
            "stdp": false,
            "record_spikes": true,
            "show_plot": false,
            "raster_plot": false,
            "path_name": "opt_2_run_3",
            "log_file": "log",
            "check_conns": false,
            "use_dc_input": false,
            "verbose_log": false,
            "opt": 2,
            "verbosity": 1,
            "max_spike_num_fact": 0.01,
            "max_spike_per_host_fact": 0.01
        }
    },
    "timers": {
        "time_create": 88533604,
        "time_connect_local": 980658,
        "time_connect_remote": 1452310104,
        "time_connect": 1453290762,
        "time_initialize": 506693,
        "time_construct": 1541851462,
        "time_calibrate": 1789111900,
        "time_presimulate": 476224554,
        "time_simulate": 8685554197,
        "time_total": 12493248806
    },
    "gpu_mem": {
        "gpu_mem_peak": 16118615342,
        "gpu_mem_used": 15838587987,
        "gpu_mem_total": 68099571712
    },
    "stats": {
        "excitatory_firing_rate": 7.638122222222222,
        "inhibitory_firing_rate": 7.660177777777777
    },
    "kernel_status": {
        "time_resolution": 0.10000000149011612,
        "max_spike_num_fact": 0.009999999776482582,
        "max_spike_per_host_fact": 0.009999999776482582,
        "max_remote_spike_num_fact": 1.0,
        "min_allowed_delay": 1.5,
        "use_all_source_node_fact": 0.0,
        "rnd_seed": 123453,
        "verbosity_level": 1,
        "max_spike_buffer_size": 20,
        "max_node_n_bits": 31,
        "max_syn_n_bits": 0,
        "max_delay_n_bits": 1,
        "conn_struct_type": 0,
        "spike_buffer_algo": 1,
        "print_time": false,
        "remove_conn_key": false,
        "remote_spike_mul": false,
        "check_node_maps": false,
        "mpi_bitpack": true,
        "max_n_ports_warning": false,
        "first_out_conn_in_device": true,
        "have_n_out_conn": true,
        "delete_remote_node_map": true,
        "delete_image_node_map": false
    }
}